Gandalf Index,Maximum Similarity,Closest Training Index
7443,0.1789846461739043,15305
6230,0.14707876064776904,14701
7064,0.1982928595809741,3688
4030,0.18275437650557846,2876
14022,0.18912109420832945,2202
3084,0.1818506527569197,3540
3650,0.19079330205732192,7457
15222,0.20006822438516136,3611
1014,0.10297489977779728,9240
1276,0.1536099322454496,11327
11603,0.14813970257849918,14120
5269,0.20781772368760087,11279
5341,0.1070236350973125,12448
722,0.3007218354360699,13868
3124,0.1374032200645554,3803
5988,0.17138692584467807,11167
8031,0.16006839511536464,6313
15394,0.12135070324635522,1653
8756,0.1490974089259297,3752
544,0.18084096786178394,6767
881,0.2064993382626894,6657
15975,0.17025639643734836,301
15736,0.1840367424145659,10850
8423,0.17689714154601233,12334
539,0.13987185841155592,8584
12374,0.13448919254086422,5066
10809,0.27548540173347347,6782
2488,0.17821079727078515,1389
667,0.14768602119528673,6137
2868,0.1430970562045739,15250
1665,0.22113448176313621,13776
11460,0.14181885802883454,4312
6742,0.1963977867114921,14419
9257,0.20745998838684754,2002
339,0.11411188851135812,119
12571,0.17142090012150768,6033
6980,0.16640850476781743,1324
10043,0.11660308054343804,10710
11683,0.12547701355262741,7923
7292,0.18618196485527894,2002
7065,0.1380846932139982,9032
13216,0.19697387155290413,1698
601,0.1288058379920768,6246
4537,0.12807675636099114,6504
4542,0.158932430887612,12602
10730,0.15676903764509997,5105
5051,0.15877537913785567,12671
1905,0.18768128695028263,15237
5646,0.12738708583848157,5237
14389,0.13214649138282342,10087
13391,0.17121609221386613,2042
3272,0.1841075836472611,2662
3060,0.2878298939847117,6626
2829,0.14136915062945,14162
10737,0.13880669983664606,4797
9445,0.14898661599663876,9147
4694,0.13657793651913375,5435
645,0.19671742476936394,5080
4432,0.16848970352580905,15998
10555,0.14006243856383382,13948
15376,0.17843706405554316,1293
5938,0.2839122949674109,8764
4396,0.25747334866618776,7301
11530,0.2313316411657702,11314
10972,0.19788608778903283,15976
13542,0.2206792668116937,3871
15575,0.2533791522220553,11023
2826,0.15899231117333001,12838
12166,0.20993201358450808,5005
3658,0.1189539626066567,15570
2196,0.1169998652758183,11805
7716,0.20651851570533453,6966
272,0.13502803177920109,9453
8277,0.1874955532504725,5536
13696,0.12295837255726694,8197
10841,0.2020999598692036,8579
13442,0.31670369652466546,66
8884,0.14344633860559342,4010
11755,0.20301446329382378,12310
8890,0.17557537328925887,15154
4644,0.13295137569650195,3306
14190,0.1725817481258448,12180
12348,0.6173863408661449,4233
13688,0.22724927399979444,6254
14252,0.16150624963261628,198
6556,0.21411294862127916,8717
2221,0.2072031123354463,643
5815,0.12491424303811272,2951
11616,0.27256179029593,6408
1887,0.12296712280489186,15154
10093,0.18955550973854762,12122
7712,0.21632894309380246,13787
398,0.13417066952875545,5160
6582,0.16990229871854345,12233
4382,0.1151818577742143,6306
2760,0.24393319067013275,14906
7122,0.15392818705418843,13062
1377,0.1583929444207709,9159
9263,0.15716808970117224,1536
22,0.15016778790489949,1915
2317,0.2063819117669874,12009
9804,0.21924240979605014,346
10981,0.235534662794729,8111
629,0.17038617206237716,12200
1723,0.18950957545637892,3775
9003,0.2254293776534283,10561
13032,0.11051523085441417,9946
2822,0.13028234936849492,15896
9998,0.16681145942827036,11214
9220,0.14253408214072205,4800
13888,0.26161900719896747,6469
3708,0.22707614292465206,1531
15487,0.1442633914232061,8942
5608,0.22554819300891815,8729
8027,0.16424177581842392,4263
13580,0.2536732709536178,4195
7495,0.16511168012954291,14346
5146,0.11341965232580253,1681
4989,0.13547296580352097,8579
14021,0.1262250522182029,11279
4044,0.13797529007568687,1660
128,0.2067095602018355,15711
7742,0.12042366579879904,6590
14387,0.24851222247718097,12317
7965,0.2913225033517012,10417
7091,0.11711419105783316,4727
4529,0.3035556485976214,3936
2552,0.19864935704403497,4258
1299,0.1644897475886482,10410
11161,0.12835244945619284,9150
14188,0.20013003740544688,11076
4132,0.13547083854621067,4180
4005,0.19890065477989316,6603
15999,0.15467593291142223,10399
7313,0.1818744543529468,4209
12529,0.2264571744840006,13826
7406,0.1811745571655653,8132
7191,0.1503181464303508,12145
12431,0.19491306249649543,3128
14155,0.1288157549008636,12613
58,0.1532085090582529,14086
11088,0.18222542504044914,47
4579,0.22335715892719343,3932
1493,0.2603773877984583,13659
3408,0.1423519430423199,454
9472,0.16651630635090342,12592
10062,0.11880315252056495,1857
8011,0.160911803162598,6163
2262,0.13752415123110706,5080
11546,0.15481400112258203,11849
13804,0.1626280877637265,1256
271,0.1489076471102695,5338
693,0.1326644873247672,12095
2930,0.11061347891844664,2788
15895,0.18458329857786282,10290
10673,0.24406410960346692,9079
9258,0.2609462452541911,1072
13005,0.14871139411218504,15614
12474,0.16816131192004402,11667
3327,0.2112225392422895,996
11619,0.1717444194079809,8636
12453,0.16062895101645647,12399
2512,0.16792912106644164,3079
10961,0.11278127236795654,2082
15769,0.166972101132435,5462
10253,0.13997990889129908,7301
6238,0.1743185401597983,7820
11375,0.17924497189781807,2057
3881,0.20647891049704248,2541
9785,0.13888504409878866,3053
13001,0.15129399457044523,5994
11587,0.12148172769692922,5912
1928,0.15713641135086043,1845
49,0.25734485240177385,7201
14236,0.1413535512871591,1865
5079,0.26115151372234535,5639
13270,0.20687489214113586,14083
3164,0.21987900391465254,3381
13039,0.22616086577398864,11226
12593,0.1211574481100719,5101
11776,0.19894747024519488,10029
14137,0.16019330540938614,860
5379,0.19367525336770575,4304
11026,0.18893718843997043,15618
3148,0.15001117170003075,5389
5461,0.15646061272537015,1677
9871,0.17890876841563164,1471
2049,0.12855602263826726,12946
11352,0.11434595589928997,13568
3314,0.1559230382509087,9235
11920,0.19304830623117986,14757
3199,0.18174746108634388,7832
14516,0.12936000650279156,10964
11045,0.18263873888091053,11401
1235,0.16777359793380708,6337
2853,0.1653825546738189,8369
6464,0.22354494459900331,4936
13924,0.11243963042158689,10771
12543,0.13944559630394782,11695
8075,0.1758296608918415,4698
14797,0.18583882918800376,5619
11639,0.17756686964685908,12556
2659,0.10893983856433798,11343
8436,0.15079731138148889,1530
1154,0.17901262025411668,6447
2001,0.1500287759820187,13954
3482,0.17842455497257315,11481
658,0.1264594537925976,12194
7461,0.13095546515977707,2638
11859,0.12507150361416375,6389
1219,0.2286488034033307,257
8687,0.14444843042611843,10751
1955,0.1585787938846941,9881
11147,0.12352371621388458,7832
15227,0.16544434662841168,6657
7361,0.19463931565936154,8779
4057,0.14717911483076085,12488
8534,0.1477853636940638,11205
8510,0.13738814224200724,4662
772,0.16813741363548051,15091
4950,0.19505699008101207,7301
3324,0.3661497289434412,4814
468,0.21721663137122604,9234
8618,0.14195714523287706,5551
15863,0.22059926694506182,257
14288,0.16131670030994893,3036
7440,0.34866076909482757,5620
11605,0.08561504630234984,13300
2958,0.19891467128982732,10532
13277,0.17645917548137913,7597
15886,0.2485646838982971,2002
9024,0.13409133506930848,2520
10176,0.2934044120783146,11265
7004,0.19521786732758895,7057
14893,0.16390842938965067,6890
13080,0.18652372483127477,10182
12912,0.19801812142579733,7852
15465,0.1535949718374202,7842
8223,0.14959251002801355,12819
11736,0.18728855756413398,13262
8678,0.16940076485432698,2580
1171,0.16305289172559356,10390
4365,0.11836810562126687,13107
13802,0.21702741607808385,1941
13960,0.1969697392117019,5387
11155,0.1695544284071986,1046
11186,0.15968402875712961,11401
10966,0.12229679267785576,7806
10876,0.3082846149563625,1293
11520,0.15135633397666592,1666
10014,0.18402969778632017,10160
2164,0.17538933167548387,966
15480,0.12207522473923449,13643
9610,0.14751175963710583,15447
14033,0.13745014428605784,927
1766,0.1801152466242405,4276
3445,0.26213258692243635,5741
478,0.37581693520222537,3926
4649,0.14309663086984792,5176
6867,0.1604165571855365,4825
9927,0.1676063530558729,8471
4684,0.22020357814249525,13262
14456,0.15663232148642137,11733
7346,0.11348164875649436,4975
8125,0.2563670831493412,8584
1797,0.2821763775681285,3441
122,0.13723223117999683,5501
5029,0.15956817785820687,8732
12635,0.17082767533831145,11629
12995,0.13547245990860002,8119
9944,0.1214156289894276,1996
15330,0.09927091338320537,9026
13146,0.17395999926275207,4455
11563,0.15386779498091896,7434
10126,0.12525912203465617,2060
9482,0.20328373406687106,10665
14490,0.15681823454769794,9283
2274,0.16283553758502067,8877
15179,0.11688542841244032,1981
9222,0.11535427815487553,950
1427,0.13162965926610426,7987
4128,0.21524679857841378,1735
13814,0.13842125634987845,7332
1911,0.18545904878499075,5015
857,0.11436595995290577,11402
4522,0.18098238545018852,6638
3184,0.1312820890332198,8874
613,0.13415156429468622,8345
5882,0.1826051285657776,12832
14685,0.1337931287398808,7980
15590,0.1718321062810535,13375
14945,0.1573625747241918,263
5942,0.12388873950811075,12818
4616,0.20939719006508772,11535
8375,0.17735736606210684,616
14961,0.13423699345192686,7855
1205,0.12836716760951217,7541
13255,0.13547789245540076,13604
6738,0.1787309679348763,6657
8830,0.146299398827766,4981
8970,0.1365564125302362,10413
4714,0.2647747409387148,4263
178,0.13405962517583203,12009
9435,0.18542815059627737,4854
6008,0.15649068442397096,13480
1545,0.13988877420235157,15269
171,0.18454986803368134,13651
2275,0.2386319718419635,12165
4916,0.3333916161033843,7106
2604,0.14854232104086273,9860
8008,0.19893715390055222,13640
7417,0.13549982962606633,2583
5783,0.14291813629687256,10422
8605,0.22939646393485746,7025
14840,0.26522169893178904,456
4745,0.15873280362734432,3666
937,0.19070403728691188,10836
15651,0.14264715257114846,13330
11195,0.29376601534386304,9628
1646,0.19681661098435832,7664
12437,0.16101332653600398,11096
5413,0.20056913164323542,5284
5549,0.12557847874619776,4727
9396,0.18688083284687174,14535
1532,0.16121082291752997,11506
4200,0.16125749630058894,12369
6240,0.18103778594066267,14234
1757,0.4724121051177722,12332
2629,0.11528063645883646,14551
13389,0.17726834989591822,2901
6817,0.1911974352861351,12721
1935,0.20907336389206588,4269
14100,0.1768281632073685,13338
4315,0.1558516040154143,5735
1206,0.16141983053957698,7084
8672,0.1166522076091846,2557
9110,0.16349472341318572,5520
9577,0.1514106181316257,5618
7626,0.15714801457470784,3871
15906,0.17410841868822746,3157
7763,0.26480960833418576,13986
11652,0.27393617009646043,6657
8424,0.18321877303355372,4358
5644,0.17146688605353033,3859
5391,0.16118563403829,13359
4053,0.14982824938651595,10255
14598,0.1927560465697682,5719
14513,0.13342033639920536,7506
14312,0.1213462593808664,2431
11272,0.23160254268162284,7806
4653,0.19914133743282225,2498
5887,0.19060676173474023,1341
1404,0.12819063339396042,15815
7377,0.11820536150568706,8589
9549,0.21243943957976263,798
12792,0.1834928963326976,1313
4212,0.15191815240002926,11740
9581,0.12991570798630758,768
7104,0.19829463072152098,8815
15568,0.15555817973234598,7870
335,0.19141998806987215,2962
11938,0.11123237195489433,9743
9400,0.24716278508149248,6437
13341,0.16269735128461038,15731
9538,0.2981339571248145,10918
92,0.1824671052821698,14023
12662,0.16117813129997116,755
11542,0.17303975422868123,6657
8658,0.293030593461689,3407
9811,0.17161908461418374,14079
10278,0.16915464811662595,10686
628,0.12106072155817738,14911
2450,0.22294031661407043,7607
14318,0.18651957012491827,6964
1224,0.18553889381688826,13574
806,0.197695131485913,13022
8299,0.17700200866174143,7046
14749,0.1413766403081852,2557
13567,0.22359826296030982,4566
5244,0.12890256579930048,9026
7047,0.1336390339734319,9623
10819,0.20427897337499357,12310
3953,0.17623445955999917,1705
5085,0.14313041663361492,2877
8082,0.2476134474069166,12981
6851,0.2445947897171905,1341
348,0.1894655601214874,127
6073,0.1407284378279393,6269
4926,0.18226267283388453,8319
4387,0.17567044045510605,2002
8256,0.1964956868656349,7301
8284,0.15296446926911167,2668
430,0.13683008735695423,4630
14238,0.130278639847203,3041
3944,0.18761342057459762,7259
575,0.3093527505814533,3363
2075,0.1603207522769533,9117
12697,0.1367836061345007,7291
4754,0.17300805493828342,12551
15380,0.1816959002147287,932
4170,0.1462358319439011,3401
1196,0.20954170342972078,15618
7111,0.12458399359230177,15834
3105,0.13324576508876418,15588
6258,0.30613654332716045,1991
8905,0.1600595594374533,1706
4485,0.160394304641145,11581
15478,0.2587838524231294,9534
8688,0.15392504280410146,4209
4297,0.18825766620406625,6828
14507,0.30071890180562955,9350
891,0.1957443079530341,902
4493,0.17066706290898126,3489
11183,0.2253885470011301,2117
12741,0.12559675342402177,5618
3395,0.14352321792958278,4990
13968,0.1610029830386599,10
5531,0.2015966245969968,13776
15483,0.2738536481457783,13405
4121,0.20807751786903683,6337
4158,0.1586889737806958,14346
2754,0.1319029182488889,11401
8285,0.2239363567515582,3438
11738,0.12333341719986468,6736
8166,0.2035735481534543,2218
6903,0.18321382239644124,9517
9965,0.14725196950420627,16008
4776,0.17438162635186816,12841
5791,0.09860285514349332,12907
4077,0.14534796477521872,8513
10379,0.24392140263388185,13654
12849,0.13222973378993386,11909
9820,0.14155588771298033,3014
7289,0.18139975031176359,7213
15240,0.16658973704318059,12353
7902,0.21648310314835062,13838
15215,0.14423647682567342,4814
641,0.1593080490185309,2361
8249,0.2886180787584117,6005
2025,0.37119386570758806,6429
5553,0.18722499835748896,3154
12058,0.16465457499539593,2486
196,0.20048850566194565,8528
14621,0.1572427846106842,5484
7305,0.1682023936407282,9026
277,0.15910408542594934,12937
13839,0.2865520749212471,12188
11363,0.2191334476272545,14330
10145,0.12249463004044203,14316
5440,0.17004102447031888,2588
2096,0.13795998539421017,13180
5392,0.2853363650444417,8001
2259,0.12194322252376488,2769
11692,0.13487522764287263,12342
15918,0.12301654230955217,9975
12645,0.20957787440462172,12841
14564,0.20756133468903348,6657
1516,0.16604491045047587,4186
5294,0.12283677982618169,10501
4259,0.14659485821721852,3729
14329,0.2033601065742482,15717
579,0.14667524728575831,10336
3220,0.1661357477898706,9309
13206,0.25338657718451796,1679
15600,0.1524796487521347,15502
13166,0.16933661797840993,1293
199,0.16715373982547743,5486
5259,0.2982684178724059,11815
814,0.12690637841728292,226
8768,0.20350894630005856,11431
105,0.19048195872749452,7870
6853,0.15567944255780652,4334
3228,0.2280715613856248,4941
6404,0.12775487477560665,9260
1752,0.1371954522866543,8232
793,0.24071817013716212,9613
5658,0.16771990356657585,3031
7190,0.14897019389639643,256
8318,0.26487045694827727,13883
14769,0.12849425200258713,10525
1570,0.15950664385186286,2910
10854,0.1202454408720286,9980
13455,0.1978908196556386,12476
2088,0.20332266370107277,7909
11347,0.15289229602881627,15108
2900,0.1135674236218821,8136
1245,0.21672366276023047,1063
12246,0.14975349707857077,7155
2136,0.1724758420409387,7855
15116,0.2841913313357519,11648
2658,0.17122431463891052,3076
6544,0.18715151138442065,14040
3399,0.1561553882999166,5563
13712,0.14470058994501322,167
521,0.1752543451830516,8760
4774,0.24806456198331772,14800
15287,0.1333086833880187,14086
14963,0.17464682943901577,2948
15492,0.3050403265398589,8852
15112,0.21020835177894193,5463
7079,0.1869798200809687,9233
11237,0.16597864154696862,11901
174,0.25142520404484103,12556
9354,0.1364058505515422,3506
10010,0.10334665935528875,668
3835,0.17588306515096708,7855
5345,0.1776646063752465,8453
14299,0.2652148399841743,6626
3773,0.13064207567618857,13602
6772,0.22341570285249768,8877
8696,0.21382095097570442,8949
1385,0.14828006740306188,859
2922,0.1897490375855908,12397
12803,0.12288175410837554,8866
4795,0.3108021410901478,14086
9247,0.19009454563955974,15898
10781,0.13289719385182774,3208
6253,0.15653272915006655,14107
15775,0.2140178549116345,686
5368,0.2076176259084681,9291
948,0.26258754383144023,859
10643,0.16592173291633316,3873
11083,0.1603267470192875,5421
6382,0.1499755420838249,7259
2700,0.1482164956773161,6811
9409,0.18581405626755743,12889
12288,0.27563552447909223,10345
14194,0.16914552722482012,1378
1124,0.14642593880062849,1843
9224,0.1614414905398125,12713
15913,0.30378831774562975,8246
14938,0.1223643715711833,3803
6691,0.22557132070054586,1046
984,0.2536136539686292,10558
5578,0.155504707053972,14465
8279,0.20099939560206936,14528
15705,0.19212412668930245,5057
7963,0.21385918522497538,4394
212,0.17321567981492458,2257
8108,0.14944844343114305,1661
3400,0.1578365124756207,7855
14760,0.1710116448193062,6828
12513,0.1376686186181454,10986
2666,0.15446969583729553,6491
9320,0.1530188245247841,8899
8773,0.3115182566245803,1991
5166,0.1398825702915496,13122
3534,0.19877844645658438,1524
6712,0.15742769400246126,11491
11595,0.10386305447914734,5290
3132,0.15270668286631928,15335
42,0.1580910634791597,6852
6839,0.15075050302632187,2558
1261,0.1717914823599347,1325
4086,0.20416357723392997,14233
12019,0.17543003414203073,5396
6916,0.21707026797404272,2670
13915,0.3204339360366102,12482
12585,0.18395777231980692,6736
12020,0.15597175958239096,12985
4788,0.16651946226430514,5859
15377,0.2783986263159852,14378
10625,0.09452799217494945,12606
13229,0.15310850796271758,13393
8676,0.2509238469506243,15126
6290,0.15030231680514716,474
14146,0.1425779579425619,10837
9206,0.1405982252331126,1260
1579,0.36866192809957954,2048
15727,0.21922237881816253,12721
852,0.17916874288227846,11257
10408,0.1010812017549696,790
10425,0.17076401284827214,14365
3197,0.2149397036261378,12476
12098,0.15450092415909855,6948
3115,0.2337648562179767,4992
14263,0.3398841989829666,8695
657,0.16959464657702117,1338
10200,0.15813657607108067,14171
11223,0.14711449670119137,11609
1873,0.17695135170986176,5859
2577,0.16992965338167498,213
6112,0.17192966957283462,957
491,0.16784191550720373,6344
2616,0.12295223317972992,8992
991,0.16678422008705063,1368
8714,0.19658499615532798,9799
13068,0.10831618466210347,10386
249,0.13980510358574116,15588
8143,0.13109362373423017,1364
8811,0.15592367295079168,8765
6763,0.2214421939278406,10688
10250,0.15215069422189986,15862
15279,0.1920565955273097,9176
3375,0.13422429252672796,9389
14779,0.22349991684623216,15663
14764,0.17675688469096262,2916
4151,0.266911839043368,1867
12894,0.12472021672790912,13139
4565,0.14860733041970653,14719
7779,0.2434685824328231,4888
8496,0.18172729067635873,1035
7903,0.13362063752481834,6849
1061,0.14764822467848704,10884
7574,0.14898262400191364,9288
15052,0.25296534960837547,14148
5677,0.16584401230571744,11306
1390,0.20282518238505753,11401
11462,0.1255052943394226,14506
1174,0.3264256214389727,14947
4703,0.11186012878832774,2146
8157,0.17950614874350423,12885
12840,0.18007294269005747,11217
5424,0.15653358980719267,11831
9399,0.19731185141549468,14536
5021,0.18742477559822612,13030
1575,0.1682748357686844,1341
7493,0.12248010111959562,1629
14241,0.14429284438650825,4314
6379,0.21319678335193792,9369
7219,0.27090564790167493,10558
10064,0.16286890390457676,14892
8863,0.1081827385872488,12646
7869,0.17612130796581482,558
10971,0.12540710673083288,4615
15217,0.13828578913191902,14713
12346,0.26646204824098374,5433
10262,0.19403942064240864,11391
15298,0.1977765990163569,1072
12214,0.2264920855959378,9373
10052,0.1543071859968579,7412
230,0.4482355946707667,11823
288,0.1637859535890167,7541
1407,0.11137887190273321,2168
3562,0.15214533943711073,680
5375,0.17634309980430818,9467
15864,0.09806991614560945,11834
5199,0.15072851363491724,15250
9337,0.16325881898843142,14701
4575,0.1289603625383723,5920
12647,0.18109534993896648,3213
5443,0.14200228940955872,4727
5065,0.16355068912724735,5618
14421,0.16347274604407858,1750
9619,0.18833338159245805,4368
438,0.19190103462503105,2858
4595,0.14131803399896858,11549
15381,0.14936320045419194,2348
7518,0.22266894577848384,2644
9059,0.1805864714654678,11339
6241,0.10390555537679647,619
1635,0.14761968779430834,6482
6159,0.29327982909806893,13536
15168,0.13969894245111525,12638
5337,0.3347325401432313,10443
3565,0.22297570094517938,13568
4988,0.1505611884022946,10734
10970,0.1931783610412734,1432
4157,0.17807478037081803,10219
1649,0.16933722967063303,5793
15313,0.16808852432264354,15896
1476,0.16548292979930512,2195
115,0.26420620174213694,15779
4348,0.18797286971662153,2166
711,0.11483403691605232,13958
5420,0.2523476858779444,10182
14204,0.15536063355073404,6068
15698,0.15859204945162608,3984
3576,0.31280787178872826,9693
4886,0.17437280300354874,15079
9436,0.17831773541332296,10411
14814,0.20311320979269665,729
10810,0.2207422450591503,2802
1832,0.23869375206846954,9125
7606,0.20034047205909977,6909
13725,0.14385206713174248,13050
1676,0.11659959498611328,6515
4571,0.1377657726967746,10705
15766,0.1431295885174113,11271
5721,0.1593690837423548,6368
14640,0.2600923434198881,2486
679,0.14378686174939637,5937
2161,0.09892521230253837,8601
5342,0.1662571118705818,12621
13656,0.13111926917395778,11158
20,0.30552757057639446,6683
12800,0.19065680184380995,3260
1668,0.24971820652283738,5674
1117,0.1412439195821672,9789
6459,0.1749208078137584,1903
4371,0.31231141315401767,2542
10956,0.4457648796716269,8902
9614,0.12183402230316331,6383
9344,0.1701239234213492,14713
13940,0.3291904617628567,12514
8332,0.33743779750782643,14738
8203,0.1649418526575912,14065
8346,0.11683569924772075,11076
11582,0.1831778565112997,12937
4807,0.29277008607088617,13651
15852,0.26103626671582014,2117
5722,0.21218972760659138,11695
683,0.2537278064254016,7852
1708,0.11974350778932996,1871
6794,0.1925153976047378,6383
4835,0.2510332168317688,768
110,0.13150150370749247,1433
14643,0.20216637545799276,12317
15044,0.23469317849400406,56
3810,0.41451762013422955,12596
13629,0.20988651191980323,13689
4544,0.11427212387887031,5661
6175,0.22793280259545368,4263
3413,0.170809740645128,12748
12024,0.1461347266741183,1731
13193,0.10950179375898139,1741
14672,0.14334875829446025,13368
15085,0.16444688470785285,14083
3442,0.20434368901581978,11455
6884,0.20857289691520442,6828
9132,0.1656036458126815,12656
824,0.2139513606745841,5599
6759,0.13634026740238148,4839
3285,0.17944397842310322,3932
2187,0.16452313142692265,8128
14004,0.14344552090096796,11455
15066,0.20366411978133803,9373
9179,0.15084852593819598,476
5382,0.20125018799707517,12434
7178,0.3551946340302732,8949
3185,0.17380049150389987,2316
305,0.17064565221373584,15268
951,0.2722229760882904,2541
1147,0.09945291926842026,13868
14081,0.16298726559662868,10808
12538,0.11230433846781884,12046
6580,0.13251775201690408,15439
9421,0.15348371562612573,6626
5803,0.1815233432585306,7237
7971,0.19422958482605612,8661
12153,0.14872898132864965,3446
10655,0.14179496034009176,11497
2936,0.14810072536151697,6808
7339,0.25318576344741683,3540
14167,0.11601850020602866,4153
1442,0.25116243482602596,12786
3849,0.15004021453226724,7388
11596,0.19035075092636422,6254
4897,0.22544615771998833,11401
4007,0.16402061174540272,15409
7114,0.15227103599653202,11981
1707,0.25509247326933737,4163
8616,0.14212704531481535,13073
11762,0.18634594195552134,14800
3167,0.17451641391564288,12615
2509,0.13787248688694564,4193
8311,0.11005880886580344,11378
5593,0.22012599721872284,10731
10066,0.2693605243871662,12682
5469,0.2220720271995169,10060
5016,0.1480745401776964,351
8864,0.1778556561767557,12189
1546,0.27734051420209194,9945
7479,0.1988861041963288,4802
8398,0.15456394947428742,2828
9760,0.19659160107884566,12511
13213,0.15554122562997896,15655
10190,0.19341904830642487,15211
6666,0.13041252135784098,3283
4652,0.13961321197013854,131
3551,0.18869601174221873,14733
2514,0.16504214323313704,3348
7227,0.1526209791318367,14809
15430,0.36459152848262233,11268
10216,0.11500618104222793,1182
4458,0.1885524256689679,14019
13256,0.13504536247283516,12602
12550,0.20576418223011084,6590
3504,0.15292492828048054,9555
549,0.1646830766288201,9526
5654,0.17235310093884348,12317
10282,0.21983455793120465,4440
12715,0.11874001784088672,15998
361,0.14793995685185857,4055
9143,0.10952858934979604,6358
9124,0.09775635053040821,2849
885,0.32853658144294473,7451
15408,0.26351645659027423,8815
12696,0.22384277592242496,13977
389,0.10608004049035136,13491
6761,0.16281992436039638,13618
16004,0.1335783207268343,4335
13928,0.10783331547772401,14809
15932,0.2618760434445415,5124
8778,0.16215644144142327,6948
10211,0.11990663768035992,15228
5243,0.16586514566136568,7382
9144,0.2011310004850866,12044
7752,0.15500575233429092,6308
13782,0.19365110119807516,8428
1305,0.19745813022757996,14733
3483,0.1683090994025076,5859
11123,0.1707460063861752,10485
13124,0.18098591111183893,3301
5161,0.11897165973749813,4063
5967,0.18682740520292795,3564
4037,0.1088600052264258,12412
4175,0.15715013751794915,12310
13308,0.17953481837598062,5160
15486,0.2257969262432149,3348
14688,0.226960790676201,1526
7161,0.17958325356590643,1488
15199,0.14035155485540562,7842
14518,0.1710864872630805,10166
12858,0.12687036840880472,15365
3017,0.1523315865474364,8528
11797,0.1950303455536203,13977
11501,0.13810747397120526,5632
9185,0.15470800466828172,2910
13705,0.12406018094577032,15668
15970,0.301920243456945,11257
4875,0.14856016395384797,1562
14320,0.28592081982311124,4465
6697,0.1718515568809631,12974
9501,0.12229093598145613,3250
12077,0.2604337154423806,7259
11512,0.12411340499490664,3430
2094,0.16434992847238017,4676
15323,0.1906580519428296,472
7407,0.2535936052889609,7930
14895,0.3706334148412457,12495
4883,0.2636454263062471,14086
4216,0.19385620002677417,8246
13040,0.19629837835348796,1941
10698,0.18684206791469937,7172
12969,0.15272276607623292,8752
6711,0.17548060175649294,2832
5031,0.13224140139651774,15641
12607,0.28846051300674747,14713
10624,0.18413015257771392,1973
3520,0.2435398462210826,5542
2909,0.15516348895080778,10307
9509,0.12245231985172245,9172
12152,0.17484424457326342,12865
14005,0.2423598025203857,14614
5276,0.19673494569457106,15154
5297,0.18488991093597118,4032
15762,0.14885241875605426,2269
5814,0.2675838843972106,9636
7038,0.14659800766464914,15447
4361,0.17961733099207045,12671
2795,0.1778084132903871,4063
6716,0.26723400277390097,12171
6837,0.1314204979898167,4821
4654,0.17211610570105185,8307
2761,0.15673101005225165,5494
7677,0.2001840487626827,2981
14999,0.13939814206687862,12592
11980,0.3028956825536493,1991
14578,0.17311873168451908,3188
15900,0.22358493755858166,3053
10608,0.17009114259278713,8323
6699,0.23938370831893507,13023
1363,0.23587119092351483,119
5063,0.16919179384962268,5759
10599,0.11236502801819825,15905
13644,0.24252495011495168,6719
14219,0.192149642762927,14743
2199,0.18414524916795882,7368
15161,0.11603388064335718,5484
8985,0.16728099375994054,12333
9457,0.2361460705562115,13223
5671,0.17308590024917292,1148
14420,0.1340659193831174,6031
6142,0.15298415689550215,9963
10458,0.1772316111336728,3947
15306,0.11197106601438511,2812
642,0.22987291783390607,8472
2568,0.17603315179509615,5351
12973,0.19963627966101727,2855
3066,0.23304433419933512,1704
3964,0.19083945142774017,15242
3230,0.20326334422685477,5223
13875,0.1688869024069577,14378
15253,0.10583774629879728,5901
15328,0.13304241112723547,10695
8775,0.18490410606833807,14098
14702,0.16770529782964505,1037
99,0.17648558846132256,6237
3931,0.19620418848550625,6348
9504,0.14495313033636426,15485
8759,0.13928880448161707,14467
4397,0.15665075620734714,4992
623,0.22905053040633416,7369
13663,0.1907033825224097,7583
12460,0.1664201368164412,11401
1303,0.12808033147106712,4786
7242,0.138009011885034,8949
1641,0.18363889775881215,6291
14152,0.14550157232444938,3782
13842,0.16440993146879213,12317
7073,0.38869114086062595,7852
6740,0.14472215416726908,10611
1833,0.12278259025207727,1679
2793,0.2725131712446801,4354
8013,0.18276919270879954,4590
6341,0.16822512635337872,9277
7552,0.19526354546610702,729
12405,0.16727308188152124,2142
10526,0.3798975844071364,8480
15509,0.19705196001243075,3216
15278,0.1649902687518644,14743
8869,0.17730795208188543,1030
8047,0.15772363428412883,2399
7668,0.12188892268813323,9450
1268,0.18015781651657292,470
9321,0.1759888358504068,11257
5743,0.15085585467607032,6767
1782,0.15939850938118205,4848
2129,0.14417012505080895,1297
7489,0.16982768526097813,776
8158,0.14695073609299591,10089
4427,0.16665569717368034,7301
14763,0.18390408909568012,3606
14134,0.14415169323537547,9453
9478,0.22353714031968208,5812
9777,0.19540235731068223,15097
6996,0.138126983565654,12212
237,0.4467890323276038,11073
14882,0.2909756907340373,3584
9714,0.12631583287898884,12171
10544,0.17203939072114594,4195
944,0.1685227163892482,4967
10931,0.18967033824373358,9886
4782,0.1848967109865114,5739
9171,0.15694328261311918,7296
5006,0.20244338353167968,5150
7747,0.15333109246035237,892
11286,0.21565900016674122,915
10406,0.1780918820269488,1416
15703,0.15820358615952612,7332
269,0.14791041687005124,15485
7031,0.14586332081385234,4697
15456,0.2108238725990974,6657
818,0.1707253996846404,12511
14752,0.3640687062703927,11105
9697,0.15279212515394291,5316
11148,0.1475948485754538,3617
5390,0.1669691462771008,10404
11492,0.16197471919285178,2236
326,0.18376573993898582,6296
6192,0.10892789222583832,6816
15730,0.20724601241029617,6547
7211,0.2098711453650871,1536
11489,0.11212879261838893,13427
4215,0.2070881544689812,8369
6778,0.11416232289356987,8579
6051,0.12242929591336082,13332
4122,0.20572990498508414,6657
13531,0.2387973218322781,9149
13015,0.13875163011295055,9994
1656,0.180326644177772,1953
8826,0.2551481289976394,4312
14047,0.18729878546398404,545
14700,0.15302873689526642,14875
4160,0.19862866227743248,2048
12080,0.18927179342557532,12000
5185,0.15212585183072747,2146
9607,0.26366242867922396,630
8004,0.11646194713209068,6476
14066,0.19650735223288662,11475
9209,0.24165057437620718,6001
12979,0.18081981403873937,7842
14296,0.14541214810640468,8579
13334,0.2598685705762681,1898
9757,0.1456643026088127,11308
6057,0.18459207871810868,1141
1078,0.1539598035143388,8710
2727,0.17628266219822208,902
1028,0.23308391611754486,13511
9128,0.19491572676844582,10748
6438,0.27557303194542593,8067
10574,0.1317696147905858,7434
2366,0.16381536337499947,13818
6270,0.15184861338228894,4770
4728,0.15930709628265916,15925
5760,0.15961138676248754,10410
6943,0.12460972682200955,6469
10496,0.18912557848779366,12762
10051,0.18763515594733715,7284
6922,0.18258530017276153,3762
13570,0.144100721034773,1072
1618,0.24807781801975382,5080
12155,0.2839598741571274,957
9434,0.16811950752604155,6487
7262,0.15013931047074336,12838
1937,0.20354774200528403,14721
5500,0.1467570761583623,315
12827,0.21799896887968107,10886
14558,0.1235799170118781,347
